filename,width,height,class,xmin,ymin,xmax,ymax
56.JPG,1349,698,Side Bar,894,178,1191,698
56.JPG,1349,698,Text Field,944,0,1215,35
56.JPG,1349,698,Menu Bar,139,0,861,30
56.JPG,1349,698,Menu Bar,138,125,746,171
56.JPG,1349,698,Nav Bar,943,130,1203,173
56.JPG,1349,698,Text Field,915,507,1076,558
56.JPG,1349,698,Button,1077,504,1189,556
5.JPG,1347,699,Image,46,13,265,71
5.JPG,1347,699,Text Field,496,24,884,62
5.JPG,1347,699,Menu Bar,69,123,1273,164
5.JPG,1347,699,Nav Bar,1086,17,1304,73
5.JPG,1347,699,Side Bar,906,179,1246,548
5.JPG,1347,699,Side Bar,904,561,1244,699
5.JPG,1347,699,Image,124,195,617,469
5.JPG,1347,699,Image,634,198,876,331
5.JPG,1347,699,Image,639,390,878,525
5.JPG,1347,699,Image,631,591,875,699
34.jpg,2510,1410,Side Bar,0,0,629,1408
34.jpg,2510,1410,Image,637,0,2506,1410
9.JPG,1348,699,Image,42,17,346,137
9.JPG,1348,699,Menu Bar,596,19,1054,79
9.JPG,1348,699,Menu Bar,491,141,1312,198
9.JPG,1348,699,Button,1063,30,1153,74
9.JPG,1348,699,Button,1165,31,1265,74
9.JPG,1348,699,Image,2,403,1348,699
17.JPG,1353,698,Text Field,352,120,665,166
17.JPG,1353,698,Text Field,683,122,1000,164
17.JPG,1353,698,Text Field,352,264,665,317
17.JPG,1353,698,Button,590,385,773,443
17.JPG,1353,698,Button,843,584,1045,621
17.JPG,1353,698,Button,85,93,138,153
17.JPG,1353,698,Button,1292,91,1348,153
17.JPG,1353,698,Menu Bar,505,0,857,47
40.jpg,2460,1248,Side Bar,1538,51,2202,1248
40.jpg,2460,1248,Button,1941,1143,2144,1208
40.jpg,2460,1248,Image,279,308,1390,1248
40.jpg,2460,1248,Image,1578,62,2181,316
3.JPG,1350,702,Image,33,11,121,60
3.JPG,1350,702,Image,44,72,887,518
3.JPG,1350,702,Image,60,375,230,614
3.JPG,1350,702,Image,915,140,1005,275
3.JPG,1350,702,Image,912,288,1008,424
3.JPG,1350,702,Image,916,432,1005,567
3.JPG,1350,702,Text Field,264,16,940,43
3.JPG,1350,702,Button,953,11,1001,49
3.JPG,1350,702,Nav Bar,1014,7,1293,59
3.JPG,1350,702,Button,1018,136,1057,172
3.JPG,1350,702,Button,44,294,92,357
3.JPG,1350,702,Button,232,492,312,571
3.JPG,1350,702,Side Bar,907,120,1302,598
3.JPG,1350,702,Menu Bar,129,10,267,52
58.jpg,800,450,Side Bar,400,163,532,445
58.jpg,800,450,Side Bar,539,41,676,450
58.jpg,800,450,Menu Bar,169,14,577,38
58.jpg,800,450,Text Field,398,2,522,13
58.jpg,800,450,Button,523,1,555,11
58.jpg,800,450,Button,555,2,576,11
20.jpg,776,609,Image,29,17,235,65
20.jpg,776,609,Image,36,108,740,451
20.jpg,776,609,Menu Bar,37,65,730,96
20.jpg,776,609,Button,46,564,138,597
20.jpg,776,609,Button,285,566,374,595
20.jpg,776,609,Button,518,566,611,597
28.jpg,2498,1204,Side Bar,52,60,453,952
28.jpg,2498,1204,Image,586,211,2347,1204
2.JPG,1351,701,Image,0,3,132,69
2.JPG,1351,701,Text Field,294,15,918,54
2.JPG,1351,701,Button,916,12,966,55
2.JPG,1351,701,Menu Bar,10,66,508,101
2.JPG,1351,701,Nav Bar,981,10,1350,66
2.JPG,1351,701,Image,4,103,1351,294
2.JPG,1351,701,Button,1029,439,1318,476
2.JPG,1351,701,Image,47,406,305,686
2.JPG,1351,701,Image,373,403,643,701
2.JPG,1351,701,Image,708,413,977,701
2.JPG,1351,701,Image,1025,526,1326,701
24.JPG,1337,702,Side Bar,0,0,302,702
24.JPG,1337,702,Side Bar,1055,122,1274,613
24.JPG,1337,702,Text Field,0,166,256,225
24.JPG,1337,702,Button,392,327,542,365
45.jpg,800,450,Side Bar,0,0,169,447
45.jpg,800,450,Image,169,0,799,450
50.jpg,800,450,Side Bar,0,0,83,450
50.jpg,800,450,Side Bar,675,0,800,446
50.jpg,800,450,Image,85,0,669,213
15.JPG,1346,697,Text Field,351,55,661,96
15.JPG,1346,697,Text Field,351,174,997,337
15.JPG,1346,697,Button,355,414,532,464
15.JPG,1346,697,Button,810,416,991,460
15.JPG,1346,697,Button,850,609,1048,644
15.JPG,1346,697,Button,83,82,147,152
15.JPG,1346,697,Button,1290,92,1346,146
15.JPG,1346,697,Menu Bar,496,0,852,49
36.jpg,2494,1330,Side Bar,4,7,552,1330
36.jpg,2494,1330,Image,559,65,1479,661
36.jpg,2494,1330,Image,1516,58,2435,676
36.jpg,2494,1330,Image,1508,702,2443,1312
36.jpg,2494,1330,Image,559,687,1482,1309
62.JPG,1366,699,Side Bar,2,3,300,699
46.JPG,1346,695,Side Bar,0,4,294,687
46.JPG,1346,695,Image,294,4,1340,681
39.jpg,2458,1012,Side Bar,0,0,450,992
39.jpg,2458,1012,Image,500,49,932,477
39.jpg,2458,1012,Image,990,46,1428,473
39.jpg,2458,1012,Image,1490,46,1914,481
39.jpg,2458,1012,Image,1976,46,2404,477
39.jpg,2458,1012,Image,497,546,939,970
39.jpg,2458,1012,Image,990,539,1421,963
39.jpg,2458,1012,Image,1483,539,1911,974
39.jpg,2458,1012,Image,1979,539,2404,974
31.jpg,2512,1162,Side Bar,4,10,574,1162
31.jpg,2512,1162,Image,574,92,1137,788
31.jpg,2512,1162,Image,1215,129,1689,714
31.jpg,2512,1162,Image,1778,85,2312,814
31.jpg,2512,1162,Image,578,848,1126,1162
31.jpg,2512,1162,Image,1174,826,1723,1162
31.jpg,2512,1162,Image,1782,859,2308,1162
7.JPG,1350,690,Text Field,255,271,679,320
7.JPG,1350,690,Image,574,144,774,228
7.JPG,1350,690,Menu Bar,326,329,1048,364
7.JPG,1350,690,Menu Bar,188,30,455,66
7.JPG,1350,690,Nav Bar,955,23,1160,71
7.JPG,1350,690,Button,1088,272,1159,324
61.JPG,1349,701,Button,4,6,115,64
61.JPG,1349,701,Button,1156,0,1349,74
61.JPG,1349,701,Menu Bar,6,70,1037,132
25.jpg,2520,1334,Side Bar,45,102,487,860
25.jpg,2520,1334,Side Bar,1561,154,2397,1247
25.jpg,2520,1334,Image,598,91,1438,1334
25.jpg,2520,1334,Image,78,128,424,292
6.JPG,1348,700,Image,0,63,118,109
6.JPG,1348,700,Menu Bar,123,64,532,104
6.JPG,1348,700,Side Bar,65,125,284,373
6.JPG,1348,700,Side Bar,64,389,289,695
6.JPG,1348,700,Side Bar,982,119,1286,455
6.JPG,1348,700,Side Bar,984,469,1281,700
6.JPG,1348,700,Nav Bar,944,66,1348,114
6.JPG,1348,700,Image,324,231,949,588
1.JPG,1350,631,Text Field,269,255,1163,310
1.JPG,1350,631,Image,539,119,810,196
1.JPG,1350,631,Image,128,254,272,310
1.JPG,1350,631,Image,122,360,233,425
1.JPG,1350,631,Image,238,367,341,419
1.JPG,1350,631,Image,349,363,452,423
1.JPG,1350,631,Image,462,366,561,423
1.JPG,1350,631,Image,568,361,673,420
1.JPG,1350,631,Image,676,362,785,423
1.JPG,1350,631,Image,787,365,893,423
1.JPG,1350,631,Image,898,363,998,422
1.JPG,1350,631,Image,1009,362,1110,420
1.JPG,1350,631,Image,1118,363,1222,421
1.JPG,1350,631,Image,125,428,231,485
1.JPG,1350,631,Image,238,430,340,482
1.JPG,1350,631,Image,345,431,452,485
1.JPG,1350,631,Image,456,431,560,487
1.JPG,1350,631,Image,566,433,668,485
1.JPG,1350,631,Image,680,432,780,485
1.JPG,1350,631,Image,789,430,886,486
1.JPG,1350,631,Image,906,433,999,484
1.JPG,1350,631,Image,1011,434,1107,484
1.JPG,1350,631,Image,1117,431,1219,486
1.JPG,1350,631,Image,1120,494,1223,551
1.JPG,1350,631,Image,1013,493,1111,550
1.JPG,1350,631,Image,898,494,1001,551
1.JPG,1350,631,Image,789,499,889,551
1.JPG,1350,631,Image,677,495,780,552
1.JPG,1350,631,Image,566,494,671,550
1.JPG,1350,631,Image,459,499,561,548
1.JPG,1350,631,Image,349,496,452,551
1.JPG,1350,631,Image,240,496,341,551
1.JPG,1350,631,Image,132,495,232,552
1.JPG,1350,631,Button,1157,255,1217,303
1.JPG,1350,631,Menu Bar,1,0,673,60
1.JPG,1350,631,Nav Bar,1071,1,1320,62
1.JPG,1350,631,Nav Bar,125,206,334,242
52.JPG,1311,699,Side Bar,795,183,1094,699
52.JPG,1311,699,Side Bar,1104,162,1311,699
23.JPG,1366,697,Side Bar,0,0,179,697
23.JPG,1366,697,Button,175,12,212,46
4.JPG,1353,700,Side Bar,111,105,340,430
4.JPG,1353,700,Image,116,7,154,47
4.JPG,1353,700,Image,187,119,258,192
4.JPG,1353,700,Menu Bar,582,3,996,58
4.JPG,1353,700,Nav Bar,998,2,1246,54
4.JPG,1353,700,Side Bar,923,106,1240,456
4.JPG,1353,700,Side Bar,925,468,1238,700
4.JPG,1353,700,Text Field,199,11,439,46
4.JPG,1353,700,Side Bar,113,439,335,565
4.JPG,1353,700,Nav Bar,118,442,258,524
4.JPG,1353,700,Image,359,392,627,700
4.JPG,1353,700,Image,634,392,898,700
4.JPG,1353,700,Button,166,13,196,45
35.jpg,2520,1258,Side Bar,4,0,468,1258
35.jpg,2520,1258,Image,476,16,970,503
35.jpg,2520,1258,Image,981,16,1472,506
35.jpg,2520,1258,Image,1490,19,1985,503
35.jpg,2520,1258,Image,2007,12,2498,499
35.jpg,2520,1258,Image,472,525,959,1016
35.jpg,2520,1258,Image,985,529,1476,1016
35.jpg,2520,1258,Image,1502,536,1977,1016
35.jpg,2520,1258,Image,2003,514,2494,997
35.jpg,2520,1258,Image,476,1038,970,1257
35.jpg,2520,1258,Image,989,1053,1476,1253
35.jpg,2520,1258,Image,1502,1049,1977,1257
35.jpg,2520,1258,Image,1996,1042,2494,1250
29.jpg,2504,1424,Side Bar,0,0,561,1424
29.jpg,2504,1424,Image,580,0,1138,675
29.jpg,2504,1424,Image,569,705,1149,1277
29.jpg,2504,1424,Image,1167,701,1751,1417
29.jpg,2504,1424,Image,1769,716,2334,1424
29.jpg,2504,1424,Image,1769,0,2334,675
29.jpg,2504,1424,Image,1167,7,1743,682
18.JPG,1351,700,Image,159,19,367,77
18.JPG,1351,700,Nav Bar,763,29,1046,75
18.JPG,1351,700,Button,1048,27,1183,72
18.JPG,1351,700,Menu Bar,173,77,1067,116
18.JPG,1351,700,Side Bar,171,279,488,700
18.JPG,1351,700,Text Field,195,309,441,345
18.JPG,1351,700,Button,438,306,481,347
33.jpg,2504,1368,Side Bar,0,0,561,1364
33.jpg,2504,1368,Image,561,0,2500,1352
21.JPG,1353,698,Text Field,1160,144,1219,180
21.JPG,1353,698,Image,83,41,325,135
21.JPG,1353,698,Button,1216,144,1263,187
21.JPG,1353,698,Image,1003,37,1270,128
21.JPG,1353,698,Nav Bar,1038,0,1273,34
21.JPG,1353,698,Side Bar,873,287,1276,698
21.JPG,1353,698,Menu Bar,84,138,904,187
26.jpg,2486,1780,Side Bar,0,347,425,1780
26.jpg,2486,1780,Menu Bar,873,58,2486,168
26.jpg,2486,1780,Image,433,384,1049,1018
26.jpg,2486,1780,Image,1115,377,1738,1007
26.jpg,2486,1780,Image,1786,384,2420,1011
26.jpg,2486,1780,Image,1797,1128,2427,1755
26.jpg,2486,1780,Image,1111,1128,1745,1770
26.jpg,2486,1780,Image,440,1132,1041,1748
26.jpg,2486,1780,Image,44,0,389,212
37.jpg,2446,1100,Side Bar,206,0,844,1100
37.jpg,2446,1100,Nav Bar,1804,0,2168,135
37.jpg,2446,1100,Image,902,261,2107,1100
59.JPG,1353,698,Side Bar,52,112,359,698
59.JPG,1353,698,Menu Bar,331,42,707,83
59.JPG,1353,698,Text Field,997,40,1262,87
22.JPG,1366,701,Side Bar,0,0,222,661
22.JPG,1366,701,Text Field,592,12,862,60
22.JPG,1366,701,Button,858,13,894,59
14.JPG,1352,703,Text Field,352,86,660,131
14.JPG,1352,703,Text Field,687,88,998,132
14.JPG,1352,703,Text Field,350,236,664,281
14.JPG,1352,703,Text Field,687,236,1004,276
14.JPG,1352,703,Text Field,354,357,660,399
14.JPG,1352,703,Text Field,351,480,662,516
14.JPG,1352,703,Text Field,353,600,995,703
14.JPG,1352,703,Button,81,89,142,161
14.JPG,1352,703,Button,1284,93,1347,152
14.JPG,1352,703,Menu Bar,503,7,842,43
60.jpg,800,450,Menu Bar,133,0,430,19
60.jpg,800,450,Side Bar,135,48,261,225
60.jpg,800,450,Side Bar,135,236,262,450
41.jpg,2516,1222,Side Bar,15,134,501,1218
41.jpg,2516,1222,Side Bar,1822,130,2516,1222
41.jpg,2516,1222,Image,1878,268,2304,683
41.jpg,2516,1222,Image,119,271,404,539
41.jpg,2516,1222,Image,108,598,416,884
41.jpg,2516,1222,Image,122,925,393,1203
41.jpg,2516,1222,Image,553,398,1766,1222
41.jpg,2516,1222,Menu Bar,1124,0,2197,123
41.jpg,2516,1222,Nav Bar,2230,0,2401,112
41.jpg,2516,1222,Image,134,0,779,108
53.jpg,800,450,Side Bar,563,0,721,449
53.jpg,800,450,Image,88,31,549,293
49.jpg,800,450,Side Bar,0,2,119,450
51.jpg,800,450,Side Bar,482,103,680,450
51.jpg,800,450,Side Bar,681,102,785,449
47.JPG,1351,696,Menu Bar,124,31,725,99
47.JPG,1351,696,Nav Bar,1014,23,1295,99
47.JPG,1351,696,Button,1166,33,1293,83
47.JPG,1351,696,Image,34,15,106,101
11.JPG,1349,698,Image,133,64,428,152
11.JPG,1349,698,Text Field,491,1,828,43
11.JPG,1349,698,Nav Bar,115,0,227,47
11.JPG,1349,698,Button,1003,1,1138,47
11.JPG,1349,698,Button,1140,7,1211,41
11.JPG,1349,698,Menu Bar,142,164,1095,212
11.JPG,1349,698,Menu Bar,149,213,559,251
11.JPG,1349,698,Side Bar,864,505,1207,698
11.JPG,1349,698,Image,144,507,846,698
11.JPG,1349,698,Image,147,279,337,387
11.JPG,1349,698,Image,368,279,555,389
11.JPG,1349,698,Image,581,280,770,381
11.JPG,1349,698,Image,798,280,985,387
11.JPG,1349,698,Image,1012,280,1201,386
55.jpg,800,450,Side Bar,526,24,635,69
55.jpg,800,450,Side Bar,528,79,636,172
55.jpg,800,450,Side Bar,527,185,636,402
43.jpg,2514,1396,Side Bar,0,0,564,1396
43.jpg,2514,1396,Image,1557,55,2514,1052
43.jpg,2514,1396,Image,790,1100,1487,1396
13.JPG,1348,702,Text Field,344,73,565,134
13.JPG,1348,702,Text Field,569,73,783,129
13.JPG,1348,702,Text Field,785,74,1004,121
13.JPG,1348,702,Text Field,691,229,997,269
13.JPG,1348,702,Text Field,349,231,446,268
13.JPG,1348,702,Text Field,461,228,553,267
13.JPG,1348,702,Text Field,562,229,660,264
13.JPG,1348,702,Text Field,350,370,1002,417
13.JPG,1348,702,Text Field,353,463,998,505
13.JPG,1348,702,Text Field,353,552,664,592
13.JPG,1348,702,Text Field,690,551,1000,591
13.JPG,1348,702,Text Field,352,638,1002,680
13.JPG,1348,702,Menu Bar,495,4,849,50
13.JPG,1348,702,Button,84,89,152,160
13.JPG,1348,702,Button,1288,90,1346,161
42.jpg,2524,1424,Menu Bar,2182,286,2405,1246
42.jpg,2524,1424,Button,2182,286,2390,435
42.jpg,2524,1424,Side Bar,1545,945,2096,1424
42.jpg,2524,1424,Image,1027,941,1500,1424
57.JPG,1349,698,Side Bar,965,226,1222,698
57.JPG,1349,698,Button,1060,23,1230,60
57.JPG,1349,698,Button,1181,96,1321,132
8.JPG,1366,699,Image,28,19,201,57
8.JPG,1366,699,Side Bar,838,98,1204,644
8.JPG,1366,699,Text Field,860,330,1179,367
8.JPG,1366,699,Button,862,382,1178,436
8.JPG,1366,699,Button,864,562,1172,613
8.JPG,1366,699,Nav Bar,1259,23,1319,60
8.JPG,1366,699,Image,960,124,1074,155
19.jpg,814,613,Image,53,5,234,57
19.jpg,814,613,Menu Bar,240,0,717,58
19.jpg,814,613,Image,5,58,809,552
32.jpg,1658,929,Side Bar,5,2,267,929
32.jpg,1658,929,Image,267,17,1624,919
10.JPG,1349,695,Image,173,17,715,92
10.JPG,1349,695,Image,187,151,841,417
10.JPG,1349,695,Image,193,537,344,638
10.JPG,1349,695,Image,356,534,509,636
10.JPG,1349,695,Image,524,538,670,635
10.JPG,1349,695,Image,688,538,839,638
10.JPG,1349,695,Side Bar,852,141,1191,695
10.JPG,1349,695,Menu Bar,179,97,578,131
10.JPG,1349,695,Menu Bar,888,89,1171,133
12.JPG,1345,697,Image,193,21,445,64
12.JPG,1345,697,Image,184,433,333,506
12.JPG,1345,697,Image,188,556,328,623
12.JPG,1345,697,Side Bar,858,318,1169,697
12.JPG,1345,697,Menu Bar,176,80,1167,127
12.JPG,1345,697,Menu Bar,294,124,1049,159
12.JPG,1345,697,Text Field,794,18,1152,57
38.jpg,2514,1216,Side Bar,1713,200,2180,1216
38.jpg,2514,1216,Image,323,297,745,730
38.jpg,2514,1216,Image,779,282,1205,734
38.jpg,2514,1216,Image,1238,308,1669,741
38.jpg,2514,1216,Image,1279,760,1594,1175
38.jpg,2514,1216,Image,794,756,1175,1179
38.jpg,2514,1216,Image,334,764,749,1194
54.JPG,1353,691,Side Bar,92,193,379,691
54.JPG,1353,691,Image,92,0,504,84
54.JPG,1353,691,Nav Bar,943,4,1253,96
54.JPG,1353,691,Text Field,954,36,1252,64
48.jpg,800,450,Image,151,22,478,179
48.jpg,800,450,Image,492,19,650,65
48.jpg,800,450,Image,529,329,632,436
48.jpg,800,450,Menu Bar,240,0,453,17
48.jpg,800,450,Image,147,0,237,17
48.jpg,800,450,Side Bar,492,78,651,164
48.jpg,800,450,Side Bar,493,182,649,450
30.jpg,2512,1156,Side Bar,2038,0,2512,1156
30.jpg,2512,1156,Button,322,1008,597,1112
30.jpg,2512,1156,Button,715,1004,1186,1119
30.jpg,2512,1156,Button,1919,89,2016,178
44.jpg,800,450,Side Bar,481,69,626,450
44.jpg,800,450,Menu Bar,334,0,515,27
44.jpg,800,450,Nav Bar,785,68,800,118
16.JPG,1353,699,Text Field,339,273,669,323
16.JPG,1353,699,Text Field,348,399,1005,564
16.JPG,1353,699,Text Field,353,640,662,685
16.JPG,1353,699,Text Field,687,641,1000,681
16.JPG,1353,699,Menu Bar,488,0,849,45
16.JPG,1353,699,Button,78,91,148,153
16.JPG,1353,699,Button,1279,90,1351,153
71.JPG,1349,696,Side Bar,0,0,279,696
71.JPG,1349,696,Nav Bar,1039,0,1315,52
79.JPG,1351,701,Menu Bar,361,58,939,103
79.JPG,1351,701,Button,143,502,365,560
79.JPG,1351,701,Button,385,508,512,556
79.JPG,1351,701,Button,610,347,737,486
79.JPG,1351,701,Nav Bar,1168,64,1351,107
79.JPG,1351,701,Image,685,121,1351,701
86.JPG,1350,699,Text Field,307,174,667,254
86.JPG,1350,699,Text Field,693,178,1041,250
86.JPG,1350,699,Text Field,309,306,1049,383
86.JPG,1350,699,Text Field,313,441,1043,608
86.JPG,1350,699,Button,593,648,757,699
85.JPG,1342,698,Text Field,738,183,1124,246
85.JPG,1342,698,Text Field,726,248,1126,307
85.JPG,1342,698,Text Field,728,307,1128,466
85.JPG,1342,698,Button,730,486,1120,543
85.JPG,1342,698,Image,200,137,600,517
72.JPG,1347,701,Menu Bar,217,140,1111,184
72.JPG,1347,701,Image,40,209,918,701
72.JPG,1347,701,Side Bar,922,209,1315,694
94.JPG,1350,698,Menu Bar,414,46,876,102
94.JPG,1350,698,Text Field,980,50,1250,98
94.JPG,1350,698,Nav Bar,1262,44,1338,98
94.JPG,1350,698,Nav Bar,986,7,1318,40
94.JPG,1350,698,Image,2,124,1350,698
94.JPG,1350,698,Button,540,552,808,628
89.JPG,1351,695,Menu Bar,241,0,871,47
89.JPG,1351,695,Text Field,48,94,1323,148
89.JPG,1351,695,Side Bar,905,312,1315,654
89.JPG,1351,695,Button,1116,206,1321,252
63.JPG,1348,700,Menu Bar,153,0,899,86
63.JPG,1348,700,Image,4,0,145,80
63.JPG,1348,700,Image,4,82,1348,696
67.JPG,1350,696,Side Bar,0,0,177,696
83.JPG,1349,696,Menu Bar,738,2,1250,50
83.JPG,1349,696,Image,659,50,1275,696
75.JPG,1347,698,Menu Bar,209,172,1164,212
75.JPG,1347,698,Side Bar,181,218,445,698
75.JPG,1347,698,Side Bar,801,228,1166,698
84.JPG,1345,696,Button,248,320,458,380
84.JPG,1345,696,Text Field,754,211,1329,271
84.JPG,1345,696,Text Field,752,340,1305,398
84.JPG,1345,696,Text Field,754,451,1295,517
84.JPG,1345,696,Text Field,754,584,1321,642
81.JPG,1358,700,Menu Bar,523,26,1096,82
81.JPG,1358,700,Button,1120,28,1216,82
81.JPG,1358,700,Button,1214,26,1268,74
81.JPG,1358,700,Image,847,132,1264,700
82.JPG,1357,701,Menu Bar,492,0,1249,80
82.JPG,1357,701,Image,2,196,342,591
66.JPG,1352,698,Menu Bar,18,0,969,52
66.JPG,1352,698,Image,465,225,877,509
66.JPG,1352,698,Button,1192,8,1278,58
87.JPG,1346,694,Menu Bar,556,13,1062,69
95.JPG,1346,699,Menu Bar,361,22,1080,62
95.JPG,1346,699,Nav Bar,1168,16,1298,60
95.JPG,1346,699,Image,0,228,1346,699
93.JPG,1349,697,Menu Bar,766,14,1349,64
97.JPG,1349,697,Menu Bar,306,24,1043,108
97.JPG,1349,697,Button,1076,38,1285,96
97.JPG,1349,697,Button,474,484,671,547
97.JPG,1349,697,Button,682,486,875,543
78.JPG,1345,695,Menu Bar,774,12,1109,78
78.JPG,1345,695,Button,115,494,296,564
77.JPG,1346,691,Side Bar,4,72,260,691
77.JPG,1346,691,Menu Bar,760,0,1253,74
77.JPG,1346,691,Side Bar,1104,516,1346,691
92.JPG,1350,697,Menu Bar,145,26,621,88
92.JPG,1350,697,Button,1073,28,1238,86
96.jpg,1423,769,Menu Bar,57,101,1343,168
96.jpg,1423,769,Image,290,194,1085,769
96.jpg,1423,769,Nav Bar,1052,19,1305,78
96.jpg,1423,769,Nav Bar,579,30,835,89
96.jpg,1423,769,Side Bar,1104,548,1314,769
69.JPG,1352,698,Menu Bar,136,4,778,68
69.JPG,1352,698,Button,933,14,1111,68
69.JPG,1352,698,Button,1117,16,1346,64
69.JPG,1352,698,Side Bar,203,413,391,698
90.JPG,1350,698,Menu Bar,247,50,816,124
90.JPG,1350,698,Nav Bar,1121,50,1350,124
90.JPG,1350,698,Button,1015,606,1173,666
91.JPG,1350,695,Menu Bar,629,0,1057,65
91.JPG,1350,695,Text Field,729,336,1211,395
91.JPG,1350,695,Text Field,721,429,964,489
91.JPG,1350,695,Text Field,980,429,1217,489
91.JPG,1350,695,Text Field,723,523,1213,576
91.JPG,1350,695,Side Bar,689,218,1242,695
65.JPG,1352,698,Menu Bar,471,70,865,134
65.JPG,1352,698,Button,1167,80,1306,130
65.JPG,1352,698,Button,42,369,179,417
64.JPG,1349,699,Side Bar,0,3,336,699
64.JPG,1349,699,Image,336,0,846,507
64.JPG,1349,699,Button,907,160,1051,204
64.JPG,1349,699,Button,1025,489,1170,537
64.JPG,1349,699,Image,846,0,1345,252
70.JPG,1349,698,Menu Bar,137,1,651,62
70.JPG,1349,698,Menu Bar,848,76,1335,134
70.JPG,1349,698,Side Bar,842,548,1188,698
70.JPG,1349,698,Text Field,991,11,1329,59
70.JPG,1349,698,Image,167,190,1186,512
76.JPG,1350,699,Menu Bar,438,5,1248,75
76.JPG,1350,699,Side Bar,4,83,68,699
68.JPG,1350,698,Menu Bar,74,50,587,112
68.JPG,1350,698,Button,659,459,878,496
68.JPG,1350,698,Button,24,594,163,662
68.JPG,1350,698,Nav Bar,1163,52,1284,110
88.JPG,1348,697,Menu Bar,895,42,1298,86
80.JPG,1349,695,Text Field,273,178,1080,274
80.JPG,1349,695,Text Field,277,286,671,367
80.JPG,1349,695,Text Field,688,282,1076,369
80.JPG,1349,695,Text Field,279,397,1072,473
80.JPG,1349,695,Text Field,281,503,1078,695
74.JPG,1352,700,Menu Bar,411,9,1087,59
74.JPG,1352,700,Button,1103,9,1236,69
74.JPG,1352,700,Button,1244,15,1334,61
74.JPG,1352,700,Image,345,488,973,700
74.JPG,1352,700,Button,512,366,838,414
73.JPG,1341,701,Menu Bar,1028,30,1284,89
73.JPG,1341,701,Side Bar,4,263,366,701
73.JPG,1341,701,Side Bar,995,289,1341,701
98.JPG,1365,500,Image,102,1,503,94
98.JPG,1365,500,Menu Bar,101,94,1245,120
98.JPG,1365,500,Text Field,1057,28,1189,49
98.JPG,1365,500,Button,1191,24,1228,54
98.JPG,1365,500,Button,266,292,367,320
98.JPG,1365,500,Button,270,464,366,496
98.JPG,1365,500,Nav Bar,110,122,181,142
98.JPG,1365,500,Side Bar,112,160,374,325
98.JPG,1365,500,Nav Bar,123,221,167,240
98.JPG,1365,500,Nav Bar,121,245,172,262
98.JPG,1365,500,Nav Bar,120,274,154,287
98.JPG,1365,500,Side Bar,111,331,372,499
98.JPG,1365,500,Nav Bar,123,394,200,414
98.JPG,1365,500,Nav Bar,121,419,159,441
98.JPG,1365,500,Nav Bar,121,443,168,464
98.JPG,1365,500,Image,954,262,1102,318
98.JPG,1365,500,Image,1101,264,1237,315
98.JPG,1365,500,Image,952,334,1091,382
98.JPG,1365,500,Image,1092,333,1236,385
98.JPG,1365,500,Image,945,390,1237,461
98.JPG,1365,500,Nav Bar,1055,52,1096,68
98.JPG,1365,500,Nav Bar,1099,51,1138,67
98.JPG,1365,500,Nav Bar,1144,53,1193,68
98.JPG,1365,500,Nav Bar,1197,50,1226,69
98.JPG,1365,500,Nav Bar,1114,5,1159,21
98.JPG,1365,500,Nav Bar,1051,3,1110,21
98.JPG,1365,500,Nav Bar,1189,126,1224,157
98.JPG,1365,500,Nav Bar,979,207,1218,231
98.JPG,1365,500,Side Bar,946,171,1239,466
99.JPG,1354,658,Menu Bar,288,111,1145,156
99.JPG,1354,658,Image,185,40,288,142
99.JPG,1354,658,Side Bar,876,184,1187,520
99.JPG,1354,658,Text Field,879,542,1184,603
99.JPG,1354,658,Button,893,187,983,222
99.JPG,1354,658,Button,893,368,1048,418
99.JPG,1354,658,Image,254,182,785,540
99.JPG,1354,658,Nav Bar,831,25,876,67
99.JPG,1354,658,Nav Bar,880,29,955,67
99.JPG,1354,658,Nav Bar,956,29,1024,69
99.JPG,1354,658,Nav Bar,1025,27,1106,69
99.JPG,1354,658,Nav Bar,1107,29,1184,66
100.JPG,1349,658,Image,97,16,361,100
100.JPG,1349,658,Image,105,167,1250,570
100.JPG,1349,658,Menu Bar,90,109,1265,167
100.JPG,1349,658,Text Field,1012,54,1244,91
100.JPG,1349,658,Button,117,569,283,615
100.JPG,1349,658,Button,286,570,483,617
100.JPG,1349,658,Button,486,570,651,617
100.JPG,1349,658,Button,652,574,742,616
100.JPG,1349,658,Button,741,570,878,616
100.JPG,1349,658,Button,879,570,1070,617
100.JPG,1349,658,Nav Bar,839,13,906,40
100.JPG,1349,658,Nav Bar,915,10,943,41
100.JPG,1349,658,Nav Bar,952,12,995,38
100.JPG,1349,658,Nav Bar,1008,13,1044,39
100.JPG,1349,658,Nav Bar,1057,10,1134,40
100.JPG,1349,658,Nav Bar,1142,10,1189,40
100.JPG,1349,658,Nav Bar,1196,12,1236,43
101.JPG,1347,651,Image,89,42,493,127
101.JPG,1347,651,Image,622,226,915,634
101.JPG,1347,651,Menu Bar,88,133,586,165
101.JPG,1347,651,Nav Bar,1130,4,1196,31
101.JPG,1347,651,Nav Bar,1201,1,1256,33
101.JPG,1347,651,Nav Bar,1160,135,1239,167
101.JPG,1347,651,Button,981,228,1216,273
101.JPG,1347,651,Side Bar,981,357,1214,651
102.JPG,1348,655,Image,66,21,326,87
102.JPG,1348,655,Image,2,85,1278,655
102.JPG,1348,655,Button,380,471,590,518
102.JPG,1348,655,Button,730,463,970,520
102.JPG,1348,655,Button,1288,596,1342,644
102.JPG,1348,655,Menu Bar,493,13,1284,79
103.JPG,1350,662,Image,230,13,622,95
103.JPG,1350,662,Image,246,209,423,346
103.JPG,1350,662,Menu Bar,220,102,834,147
103.JPG,1350,662,Button,891,209,1096,250
103.JPG,1350,662,Button,895,249,1091,282
103.JPG,1350,662,Button,895,366,1105,402
103.JPG,1350,662,Side Bar,872,141,1125,635
104.JPG,1348,657,Menu Bar,82,88,974,136
104.JPG,1348,657,Image,82,138,1243,647
104.JPG,1348,657,Nav Bar,1103,26,1158,61
104.JPG,1348,657,Nav Bar,1166,26,1218,56
104.JPG,1348,657,Nav Bar,1224,27,1247,55
104.JPG,1348,657,Nav Bar,1251,28,1277,56
105.JPG,1351,660,Image,213,7,307,94
105.JPG,1351,660,Image,173,128,1175,302
105.JPG,1351,660,Menu Bar,173,96,1176,125
105.JPG,1351,660,Image,174,5,1175,90
105.JPG,1351,660,Text Field,762,303,921,328
105.JPG,1351,660,Text Field,974,300,1129,327
105.JPG,1351,660,Button,1133,303,1174,330
105.JPG,1351,660,Side Bar,172,311,497,660
106.JPG,1348,656,Image,103,6,328,68
106.JPG,1348,656,Image,690,75,1241,523
106.JPG,1348,656,Menu Bar,340,6,1084,68
106.JPG,1348,656,Button,115,389,288,447
106.JPG,1348,656,Button,284,389,498,447
106.JPG,1348,656,Button,1085,8,1237,63
106.JPG,1348,656,Nav Bar,513,388,654,444
107.JPG,1365,663,Image,93,84,203,207
107.JPG,1365,663,Image,1165,92,1260,205
107.JPG,1365,663,Image,2,3,1365,596
107.JPG,1365,663,Text Field,882,310,1211,366
107.JPG,1365,663,Text Field,882,362,1212,419
107.JPG,1365,663,Button,1001,451,1094,507
107.JPG,1365,663,Nav Bar,103,603,543,630
108.JPG,1349,657,Image,80,2,175,110
108.JPG,1349,657,Image,0,108,1347,657
108.JPG,1349,657,Nav Bar,900,16,1013,66
108.JPG,1349,657,Nav Bar,1020,21,1142,67
108.JPG,1349,657,Nav Bar,1153,19,1244,69
108.JPG,1349,657,Button,1292,601,1349,657
109.JPG,1350,655,Image,2,1,1350,200
109.JPG,1350,655,Text Field,513,276,907,305
109.JPG,1350,655,Text Field,512,303,904,325
109.JPG,1350,655,Text Field,513,328,906,350
109.JPG,1350,655,Text Field,513,374,891,461
109.JPG,1350,655,Button,859,522,920,543
110.JPG,1348,660,Image,0,0,1348,660
110.JPG,1348,660,Image,16,12,213,87
110.JPG,1348,660,Menu Bar,278,32,1320,64
110.JPG,1348,660,Nav Bar,1163,12,1205,34
110.JPG,1348,660,Nav Bar,1206,13,1241,34
111.JPG,1353,660,Menu Bar,100,109,1265,166
111.JPG,1353,660,Image,74,230,1273,617
111.JPG,1353,660,Button,1276,575,1323,622
111.JPG,1353,660,Button,15,623,146,660
112.JPG,1353,659,Text Field,985,208,1124,257
112.JPG,1353,659,Button,1125,209,1231,259
112.JPG,1353,659,Image,118,212,898,655
112.JPG,1353,659,Menu Bar,688,16,1257,68
112.JPG,1353,659,Side Bar,952,184,1255,659
113.JPG,1348,696,Image,2,70,1348,634
113.JPG,1348,696,Menu Bar,469,2,883,60
113.JPG,1348,696,Menu Bar,378,650,968,696
114.JPG,1350,695,Image,135,17,1159,226
114.JPG,1350,695,Image,338,453,769,695
114.JPG,1350,695,Menu Bar,130,241,800,268
114.JPG,1350,695,Nav Bar,132,282,186,298
114.JPG,1350,695,Nav Bar,196,279,320,297
114.JPG,1350,695,Side Bar,1011,235,1219,695
114.JPG,1350,695,Text Field,1101,272,1214,297
114.JPG,1350,695,Text Field,1101,299,1216,327
114.JPG,1350,695,Button,1021,346,1074,368
115.JPG,1352,700,Menu Bar,127,55,488,93
115.JPG,1352,700,Image,877,118,1227,349
115.JPG,1352,700,Image,116,139,249,326
115.JPG,1352,700,Image,16,58,105,82
115.JPG,1352,700,Text Field,1030,52,1230,92
115.JPG,1352,700,Nav Bar,1207,12,1272,40
115.JPG,1352,700,Nav Bar,1286,9,1347,44
115.JPG,1352,700,Button,1229,46,1310,93
115.JPG,1352,700,Side Bar,872,108,1237,700
116.JPG,1348,676,Image,354,185,562,401
116.JPG,1348,676,Text Field,759,168,1046,205
116.JPG,1348,676,Text Field,765,207,1042,236
116.JPG,1348,676,Button,845,296,940,333
116.JPG,1348,676,Nav Bar,344,542,1008,656
117.JPG,1352,697,Side Bar,14,107,664,697
117.JPG,1352,697,Side Bar,698,107,1332,438
117.JPG,1352,697,Image,36,205,646,697
117.JPG,1352,697,Text Field,865,157,1058,201
117.JPG,1352,697,Text Field,865,214,1019,264
117.JPG,1352,697,Button,868,360,942,397
117.JPG,1352,697,Button,942,361,1017,400
118.JPG,1349,688,Image,665,163,1241,545
118.JPG,1349,688,Image,103,20,294,67
118.JPG,1349,688,Menu Bar,324,18,1234,65
118.JPG,1349,688,Button,287,410,486,461
118.JPG,1349,688,Button,114,474,349,531
118.JPG,1349,688,Button,365,473,593,529
119.JPG,1348,697,Image,89,52,268,305
119.JPG,1348,697,Menu Bar,52,392,1261,448
119.JPG,1348,697,Menu Bar,58,456,282,519
119.JPG,1348,697,Nav Bar,1116,7,1145,32
119.JPG,1348,697,Nav Bar,1151,5,1181,33
119.JPG,1348,697,Nav Bar,1189,6,1217,32
119.JPG,1348,697,Nav Bar,1226,6,1253,31
119.JPG,1348,697,Nav Bar,1264,5,1291,33
119.JPG,1348,697,Side Bar,934,533,1278,697
120.JPG,1348,694,Image,107,83,889,528
120.JPG,1348,694,Side Bar,936,1,1278,327
120.JPG,1348,694,Side Bar,932,347,1270,694
121.JPG,1347,697,Image,219,43,308,134
121.JPG,1347,697,Image,801,569,1124,697
121.JPG,1347,697,Menu Bar,210,194,546,252
121.JPG,1347,697,Text Field,225,538,689,589
121.JPG,1347,697,Text Field,802,442,1069,487
121.JPG,1347,697,Button,1068,445,1127,490
121.JPG,1347,697,Button,687,539,742,585
121.JPG,1347,697,Side Bar,787,384,1148,697
122.JPG,1348,699,Image,95,49,161,125
122.JPG,1348,699,Image,0,0,1348,699
122.JPG,1348,699,Menu Bar,471,41,1153,87
122.JPG,1348,699,Menu Bar,509,100,620,131
122.JPG,1348,699,Button,537,407,812,471
123.JPG,1352,697,Image,21,7,156,61
123.JPG,1352,697,Image,36,71,1316,501
123.JPG,1352,697,Image,1143,508,1328,682
123.JPG,1352,697,Image,0,510,149,684
123.JPG,1352,697,Button,856,593,987,630
123.JPG,1352,697,Menu Bar,879,6,1352,57
124.JPG,1351,695,Image,139,70,239,169
124.JPG,1351,695,Image,397,415,711,695
124.JPG,1351,695,Menu Bar,389,16,1319,50
124.JPG,1351,695,Side Bar,989,215,1220,690
124.JPG,1351,695,Text Field,1084,291,1184,309
124.JPG,1351,695,Text Field,1086,310,1185,331
124.JPG,1351,695,Button,1032,352,1081,370
124.JPG,1351,695,Text Field,1031,429,1154,454
124.JPG,1351,695,Button,1034,485,1083,503
124.JPG,1351,695,Nav Bar,1056,526,1108,542
124.JPG,1351,695,Nav Bar,1059,541,1107,560
124.JPG,1351,695,Nav Bar,1057,556,1105,575
125.JPG,1350,695,Image,165,1,1186,197
125.JPG,1350,695,Image,652,367,943,695
125.JPG,1350,695,Menu Bar,165,197,685,228
125.JPG,1350,695,Nav Bar,233,245,351,270
125.JPG,1350,695,Nav Bar,182,245,224,269
125.JPG,1350,695,Side Bar,972,230,1185,695
125.JPG,1350,695,Text Field,1045,540,1160,566
125.JPG,1350,695,Text Field,1043,566,1161,592
125.JPG,1350,695,Button,981,611,1027,638
125.JPG,1350,695,Button,984,429,1178,461
125.JPG,1350,695,Button,981,396,1174,428
125.JPG,1350,695,Button,981,364,1177,396
125.JPG,1350,695,Button,983,331,1176,363
125.JPG,1350,695,Button,983,299,1176,332
125.JPG,1350,695,Button,984,265,1177,299
125.JPG,1350,695,Button,984,230,1174,265
126.JPG,1347,697,Image,127,22,230,127
126.JPG,1347,697,Image,404,351,715,697
126.JPG,1347,697,Menu Bar,129,140,693,170
126.JPG,1347,697,Nav Bar,131,183,174,198
126.JPG,1347,697,Nav Bar,181,176,304,200
126.JPG,1347,697,Nav Bar,1023,142,1094,164
126.JPG,1347,697,Nav Bar,1049,419,1109,463
126.JPG,1347,697,Nav Bar,1049,559,1127,601
126.JPG,1347,697,Nav Bar,1024,646,1213,697
126.JPG,1347,697,Side Bar,1009,142,1236,697
126.JPG,1347,697,Text Field,1078,192,1180,218
126.JPG,1347,697,Text Field,1079,218,1178,236
126.JPG,1347,697,Text Field,1023,324,1142,346
126.JPG,1347,697,Button,1020,256,1073,275
126.JPG,1347,697,Button,1022,378,1077,396
127.PNG,1348,697,Menu Bar,420,54,978,86
127.PNG,1348,697,Text Field,1024,42,1231,90
127.PNG,1348,697,Nav Bar,1201,7,1284,36
127.PNG,1348,697,Nav Bar,1292,9,1342,38
127.PNG,1348,697,Nav Bar,908,132,1028,166
127.PNG,1348,697,Nav Bar,906,175,978,207
127.PNG,1348,697,Nav Bar,908,221,1063,247
127.PNG,1348,697,Nav Bar,904,265,1090,287
127.PNG,1348,697,Nav Bar,904,304,1025,323
127.PNG,1348,697,Nav Bar,910,438,990,460
127.PNG,1348,697,Nav Bar,909,481,984,497
127.PNG,1348,697,Nav Bar,910,524,998,541
127.PNG,1348,697,Image,883,577,1111,659
127.PNG,1348,697,Image,121,109,851,697
127.PNG,1348,697,Side Bar,873,105,1244,697
127.PNG,1348,697,Side Bar,1233,44,1307,89
128.JPG,1348,698,Menu Bar,229,45,475,93
128.JPG,1348,698,Text Field,1024,43,1223,91
128.JPG,1348,698,Button,1191,1,1284,43
128.JPG,1348,698,Button,1286,0,1342,43
128.JPG,1348,698,Button,1229,47,1300,87
128.JPG,1348,698,Side Bar,875,89,1245,347
128.JPG,1348,698,Image,115,116,463,264
128.JPG,1348,698,Image,105,619,352,698
128.JPG,1348,698,Nav Bar,890,168,983,192
128.JPG,1348,698,Nav Bar,893,208,976,231
128.JPG,1348,698,Nav Bar,889,247,972,276
128.JPG,1348,698,Nav Bar,892,293,996,314
129.JPG,1348,697,Image,109,14,934,178
129.JPG,1348,697,Image,408,356,710,697
129.JPG,1348,697,Menu Bar,128,186,646,218
129.JPG,1348,697,Side Bar,1017,187,1216,697
129.JPG,1348,697,Nav Bar,1027,310,1124,365
129.JPG,1348,697,Nav Bar,1027,497,1109,555
129.JPG,1348,697,Nav Bar,1024,629,1130,692
129.JPG,1348,697,Nav Bar,127,225,309,243
129.JPG,1348,697,Text Field,1080,210,1179,234
129.JPG,1348,697,Text Field,1080,235,1180,258
129.JPG,1348,697,Text Field,1027,413,1144,437
129.JPG,1348,697,Button,1026,269,1069,293
129.JPG,1348,697,Button,1026,468,1077,487
130.JPG,1350,693,Image,6,0,1348,235
130.JPG,1350,693,Menu Bar,6,235,424,285
130.JPG,1350,693,Text Field,907,239,1093,285
130.JPG,1350,693,Button,1091,240,1167,282
130.JPG,1350,693,Nav Bar,1186,246,1244,267
130.JPG,1350,693,Nav Bar,1263,249,1313,268
130.JPG,1350,693,Side Bar,875,306,1226,693
130.JPG,1350,693,Nav Bar,896,360,1095,693
131.JPG,1350,697,Image,165,2,1183,199
131.JPG,1350,697,Image,945,36,1058,69
131.JPG,1350,697,Image,1062,36,1171,69
131.JPG,1350,697,Image,945,74,1056,108
131.JPG,1350,697,Image,1061,72,1172,106
131.JPG,1350,697,Image,946,110,1056,143
131.JPG,1350,697,Image,1061,110,1171,144
131.JPG,1350,697,Image,1061,148,1171,180
131.JPG,1350,697,Image,948,148,1056,181
131.JPG,1350,697,Image,656,350,953,697
131.JPG,1350,697,Menu Bar,166,201,842,238
131.JPG,1350,697,Side Bar,973,239,1189,697
131.JPG,1350,697,Nav Bar,1018,353,1138,381
131.JPG,1350,697,Nav Bar,1033,391,1121,412
131.JPG,1350,697,Nav Bar,1024,423,1131,446
131.JPG,1350,697,Nav Bar,1021,457,1136,479
131.JPG,1350,697,Nav Bar,1022,492,1134,509
131.JPG,1350,697,Nav Bar,1020,526,1137,542
131.JPG,1350,697,Nav Bar,1015,559,1143,575
131.JPG,1350,697,Nav Bar,1021,592,1138,606
131.JPG,1350,697,Nav Bar,1016,624,1140,639
132.JPG,1350,698,Side Bar,976,7,1185,698
132.JPG,1350,698,Text Field,1045,39,1160,71
132.JPG,1350,698,Text Field,1045,67,1160,96
132.JPG,1350,698,Text Field,983,411,1118,438
132.JPG,1350,698,Button,985,117,1026,140
132.JPG,1350,698,Button,1125,313,1173,336
132.JPG,1350,698,Nav Bar,981,199,1062,235
132.JPG,1350,698,Nav Bar,981,301,1124,345
132.JPG,1350,698,Nav Bar,981,524,1057,601
132.JPG,1350,698,Image,656,0,949,99
133.JPG,1350,698,Image,92,16,187,114
133.JPG,1350,698,Image,113,255,1237,698
133.JPG,1350,698,Menu Bar,114,133,1035,175
133.JPG,1350,698,Button,1244,535,1291,578
133.JPG,1350,698,Button,57,530,101,579
134.JPG,1366,698,Image,95,31,572,146
134.JPG,1366,698,Image,135,349,310,599
134.JPG,1366,698,Image,971,566,1242,688
134.JPG,1366,698,Side Bar,954,190,1253,698
134.JPG,1366,698,Button,1105,144,1225,189
134.JPG,1366,698,Text Field,675,146,1102,189
134.JPG,1366,698,Menu Bar,95,141,403,183
134.JPG,1366,698,Nav Bar,1184,58,1228,83
134.JPG,1366,698,Nav Bar,963,213,1142,316
134.JPG,1366,698,Nav Bar,969,352,1104,443
134.JPG,1366,698,Button,970,476,1148,511
135.JPG,1348,696,Image,2,48,1348,245
135.JPG,1348,696,Image,52,477,865,696
135.JPG,1348,696,Menu Bar,50,249,986,296
135.JPG,1348,696,Side Bar,901,455,1302,696
135.JPG,1348,696,Text Field,923,465,1232,514
135.JPG,1348,696,Button,1232,467,1281,512
135.JPG,1348,696,Nav Bar,919,611,1251,667
135.JPG,1348,696,Nav Bar,921,673,1282,696
136.JPG,1365,655,Menu Bar,133,62,478,92
136.JPG,1365,655,Nav Bar,133,104,339,124
136.JPG,1365,655,Nav Bar,1037,68,1169,88
136.JPG,1365,655,Nav Bar,1036,95,1105,114
136.JPG,1365,655,Nav Bar,1034,381,1134,424
136.JPG,1365,655,Side Bar,1017,62,1200,448
136.JPG,1365,655,Text Field,1092,146,1192,169
136.JPG,1365,655,Text Field,1093,168,1192,188
136.JPG,1365,655,Text Field,1037,277,1154,298
136.JPG,1365,655,Button,1037,208,1080,227
136.JPG,1365,655,Button,1039,328,1088,346
136.JPG,1365,655,Button,1044,399,1067,421
136.JPG,1365,655,Button,1077,399,1098,423
136.JPG,1365,655,Button,1107,400,1131,421
137.JPG,1363,696,Image,105,8,464,77
137.JPG,1363,696,Image,0,87,1361,408
137.JPG,1363,696,Menu Bar,722,6,1250,79
137.JPG,1363,696,Menu Bar,111,440,643,483
137.JPG,1363,696,Button,1308,219,1350,268
137.JPG,1363,696,Button,20,222,61,267
27.jpg,2510,1252,Side Bar,0,0,640,1252
27.jpg,2510,1252,Image,659,15,2451,1222
